id,predicted
0,32
1,13
2,43
3,25
4,16
5,5
6,90
7,17
8,7
9,1
10,37
11,15
12,26
13,11
14,23
15,34
16,20
17,22
18,14
19,49
20,8
21,51
22,22
23,23
24,5
25,29
26,36
27,18
28,5
29,30
30,27
31,7
32,21
33,5
34,20
35,22
36,25
37,14
38,48
39,26
40,11
41,22
42,11
43,3
44,29
45,3
46,31
47,5
48,6
49,38
50,41
51,46
52,3
53,43
54,3
55,10
56,28
57,71
58,50
59,2
60,4
61,13
62,26
63,31
64,268
65,57
66,34
67,54
68,30
69,68
70,36
71,2
72,22
73,14
74,6
75,14
76,25
77,30
78,5
79,13
80,14
81,9
82,26
83,32
84,27
85,39
86,43
87,7
88,17
89,21
90,27
91,10
92,33
93,4
94,40
95,13
96,5
97,31
98,20
99,36
100,60
101,88
102,15
103,23
104,17
105,42
106,3
107,26
108,54
109,33
110,59
111,36
112,53
113,3
114,12
115,9
116,34
117,30
118,25
119,28
120,49
121,56
122,27
123,7
124,29
125,29
126,28
127,2
128,35
129,3
130,27
131,16
132,61
133,10
134,15
135,8
136,8
137,32
138,21
139,22
140,7
141,3
142,25
143,21
144,28
145,40
146,49
147,32
148,20
149,11
150,8
151,17
152,45
153,8
154,24
155,21
156,3
157,23
158,21
159,20
160,33
161,6
162,30
163,17
164,57
165,7
166,18
167,26
168,39
169,22
170,120
171,16
172,31
173,5
174,17
175,31
176,41
177,16
178,39
179,10
180,7
181,51
182,80
183,43
184,16
185,34
186,30
187,34
188,13
189,4
190,37
191,15
192,4
193,23
194,20
195,40
196,111
197,30
198,3
199,34
200,9
201,4
202,54
203,75
204,82
205,22
206,32
207,4
208,16
209,21
210,13
211,6
212,29
213,13
214,6
215,22
216,8
217,13
218,22
219,171
220,25
221,32
222,33
223,41
224,10
225,56
226,49
227,36
228,24
229,13
230,9
231,24
232,30
233,109
234,35
235,28
236,77
237,33
238,46
239,48
240,27
241,184
242,18
243,38
244,6
245,8
246,4
247,3
248,5
249,184
250,29
251,21
252,31
253,8
254,81
255,23
256,44
257,3
258,26
259,8
260,16
261,34
262,33
263,23
264,26
265,5
266,149
267,29
268,29
269,5
270,96
271,16
272,44
273,3
274,20
275,14
276,27
277,18
278,44
279,68
280,23
281,34
282,10
283,4
284,14
285,11
286,15
287,21
288,27
289,18
290,4
291,39
292,11
293,32
294,35
295,17
296,68
297,93
298,3
299,25
300,5
301,16
302,17
303,3
304,24
305,26
306,21
307,60
308,60
309,8
310,26
311,46
312,17
313,52
314,12
315,3
316,22
317,3
318,10
319,25
320,6
321,30
322,84
323,29
324,22
325,31
326,22
327,5
328,26
329,9
330,32
331,52
332,41
333,21
334,6
335,26
336,34
337,20
338,30
339,3
340,15
341,7
342,55
343,39
344,49
345,23
346,38
347,71
348,34
349,9
350,7
351,15
352,3
353,7
354,20
355,14
356,17
357,21
358,50
359,64
360,5
361,6
362,12
363,42
364,38
365,16
366,34
367,19
368,23
369,11
370,5
371,154
372,9
373,16
374,5
375,41
376,32
377,34
378,4
379,22
380,49
381,34
382,21
383,23
384,37
385,12
386,6
387,27
388,32
389,22
390,77
391,44
392,9
393,32
394,67
395,12
396,34
397,122
398,1
399,7
400,17
401,2
402,3
403,28
404,39
405,5
406,59
407,33
408,8
409,48
410,17
411,21
412,12
413,25
414,24
415,14
416,3
417,53
418,11
419,26
420,7
421,5
422,20
423,65
424,27
425,18
426,17
427,29
428,17
429,25
430,2
431,22
432,19
433,34
434,7
435,56
436,15
437,42
438,23
439,21
440,17
441,39
442,10
443,93
444,17
445,32
446,32
447,3
448,18
449,33
450,2
451,64
452,4
453,7
454,23
455,26
456,4
457,16
458,11
459,23
460,27
461,6
462,5
463,29
464,18
465,61
466,52
467,31
468,16
469,3
470,15
471,15
472,26
473,9
474,33
475,39
476,11
477,10
478,33
479,20
480,29
481,27
482,79
483,5
484,24
485,5
486,34
487,21
488,19
489,55
490,24
491,14
492,35
493,13
494,15
495,3
496,15
497,14
498,47
499,22
500,58
501,32
502,16
503,4
504,2
505,28
506,31
507,5
508,4
509,55
510,44
511,15
512,56
513,8
514,19
515,14
516,58
517,6
518,17
519,43
520,116
521,45
522,40
523,22
524,27
525,3
526,7
527,10
528,20
529,30
530,17
531,39
532,74
533,35
534,72
535,7
536,26
537,61
538,28
539,36
540,106
541,2
542,10
543,23
544,5
545,54
546,23
547,40
548,10
549,38
550,25
551,59
552,32
553,13
554,30
555,34
556,26
557,31
558,11
559,13
560,10
561,29
562,16
563,78
564,25
565,38
566,6
567,77
568,12
569,18
570,36
571,17
572,11
573,6
574,259
575,49
576,39
577,4
578,24
579,38
580,7
581,12
582,3
583,13
584,14
585,14
586,36
587,11
588,32
589,3
590,20
591,34
592,44
593,37
594,21
595,29
596,10
597,61
598,26
599,22
600,30
601,28
602,62
603,8
604,20
605,3
606,16
607,16
608,10
609,32
610,23
611,37
612,5
613,23
614,4
615,32
616,19
617,11
618,33
619,40
620,49
621,7
622,15
623,9
624,30
625,26
626,20
627,16
628,3
629,16
630,22
631,8
632,7
633,45
634,27
635,12
636,2
637,12
638,31
639,20
640,8
641,25
642,17
643,33
644,7
645,25
646,24
647,87
648,38
649,20
650,26
651,63
652,3
653,17
654,35
655,40
656,27
657,17
658,26
659,29
660,12
661,32
662,14
663,14
664,9
665,62
666,23
667,21
668,31
669,56
670,5
671,14
672,38
673,19
674,231
675,15
676,13
677,5
678,2
679,5
680,29
681,18
682,17
683,55
684,7
685,5
686,32
687,5
688,5
689,94
690,22
691,29
692,29
693,5
694,14
695,30
696,5
697,16
698,17
699,15
700,19
701,6
702,61
703,31
704,23
705,6
706,12
707,23
708,15
709,11
710,18
711,23
712,29
713,29
714,6
715,29
716,3
717,3
718,92
719,29
720,10
721,38
722,11
723,91
724,36
725,39
726,5
727,27
728,3
729,22
730,13
731,69
732,23
733,12
734,12
735,26
736,25
737,13
738,41
739,28
740,6
741,22
742,5
743,55
744,33
745,14
746,36
747,5
748,40
749,26
750,27
751,9
752,20
753,18
754,15
755,25
756,16
757,32
758,32
759,20
760,63
761,16
762,12
763,41
764,28
765,32
766,42
767,12
768,20
769,8
770,9
771,5
772,6
773,66
774,7
775,7
776,13
777,5
778,33
779,32
780,16
781,28
782,9
783,47
784,56
785,13
786,25
787,24
788,14
789,6
790,146
791,51
792,8
793,28
794,15
795,98
796,13
797,28
798,11
799,40
800,18
801,30
802,6
803,10
804,29
805,54
806,30
807,14
808,12
809,4
810,48
811,61
812,6
813,37
814,5
815,3
816,4
817,7
818,35
819,10
820,33
821,17
822,2
823,92
824,26
825,35
826,14
827,22
828,5
829,5
830,47
831,26
832,26
833,25
834,31
835,9
836,14
837,29
838,40
839,37
840,20
841,30
842,10
843,11
844,29
845,33
846,33
847,5
848,19
849,13
850,10
851,40
852,23
853,48
854,5
855,27
856,30
857,26
858,27
859,23
860,17
861,23
862,20
863,63
864,33
865,4
866,2
867,2
868,14
869,3
870,13
871,4
872,36
873,26
874,23
875,30
876,32
877,15
878,62
879,6
880,53
881,20
882,8
883,29
884,3
885,75
886,2
887,29
888,14
889,51
890,44
891,24
892,31
893,3
894,42
895,44
896,34
897,16
898,16
899,19
900,30
901,18
902,33
903,36
904,2
905,13
906,34
907,14
908,75
909,66
910,15
911,36
912,3
913,1
914,10
915,72
916,12
917,22
918,34
919,30
920,33
921,9
922,29
923,15
924,2
925,56
926,18
927,5
928,50
929,7
930,8
931,19
932,6
933,35
934,28
935,10
936,7
937,11
938,34
939,25
940,21
941,21
942,13
943,4
944,7
945,26
946,33
947,19
948,21
949,19
950,6
951,86
952,27
953,16
954,290
955,11
956,17
957,5
958,4
959,66
960,35
961,76
962,14
963,18
964,35
965,22
966,5
967,51
968,29
969,5
970,29
971,63
972,19
973,24
974,30
975,23
976,63
977,30
978,31
979,64
980,9
981,18
982,11
983,6
984,2
985,13
986,25
987,16
988,27
989,7
990,12
991,38
992,30
993,19
994,18
995,3
996,14
997,32
998,15
999,5
1000,23
1001,14
1002,16
1003,62
1004,24
1005,24
1006,48
1007,52
1008,9
1009,25
1010,53
1011,6
1012,17
1013,28
1014,25
1015,35
1016,20
1017,33
1018,16
1019,104
1020,12
1021,26
1022,8
1023,43
1024,26
1025,28
1026,17
1027,50
1028,34
1029,35
1030,34
1031,8
1032,5
1033,32
1034,15
1035,34
1036,26
1037,2
1038,23
1039,61
1040,4
1041,6
1042,26
1043,38
1044,77
1045,3
1046,44
1047,38
1048,32
1049,42
1050,14
1051,19
1052,19
1053,5
1054,47
1055,39
1056,9
1057,60
1058,27
1059,6
1060,25
1061,26
1062,21
1063,18
1064,17
1065,12
1066,16
1067,11
1068,33
1069,14
1070,34
1071,17
1072,29
1073,11
1074,8
1075,20
1076,36
1077,206
1078,3
1079,8
1080,5
1081,25
1082,18
1083,8
1084,20
1085,6
1086,30
1087,28
1088,15
1089,29
1090,41
1091,24
1092,12
1093,14
1094,23
1095,24
1096,18
1097,60
1098,41
1099,18
1100,19
1101,53
1102,7
1103,5
1104,23
1105,34
1106,34
1107,23
1108,45
1109,4
1110,3
1111,43
1112,15
1113,7
1114,22
1115,4
1116,10
1117,8
1118,32
1119,66
1120,13
1121,51
1122,104
1123,220
1124,33
1125,6
1126,26
1127,7
1128,40
1129,74
1130,20
1131,35
1132,54
1133,14
1134,16
1135,4
1136,11
1137,134
1138,14
1139,3
1140,14
1141,13
1142,20
1143,15
1144,7
1145,23
1146,9
1147,10
1148,3
1149,9
1150,33
1151,58
1152,18
1153,13
1154,3
1155,22
1156,34
1157,55
1158,7
1159,5
1160,19
1161,52
1162,41
1163,40
1164,16
1165,16
1166,81
1167,37
1168,41
1169,4
1170,22
1171,61
1172,27
1173,19
1174,46
1175,5
1176,42
1177,30
1178,45
1179,20
1180,27
1181,28
1182,6
1183,12
1184,21
1185,30
1186,17
1187,39
1188,5
1189,65
1190,11
1191,7
1192,15
1193,14
1194,28
1195,19
1196,5
1197,4
1198,5
1199,58
1200,32
1201,4
1202,22
1203,6
1204,12
1205,35
1206,11
1207,4
1208,32
1209,22
1210,48
1211,13
1212,19
1213,182
1214,5
1215,28
1216,19
1217,28
1218,16
1219,59
1220,7
1221,6
1222,39
1223,8
1224,18
1225,65
1226,5
1227,24
1228,39
1229,4
1230,139
1231,10
1232,24
1233,9
1234,19
1235,33
1236,169
1237,15
1238,21
1239,32
1240,28
1241,9
1242,11
1243,22
1244,85
1245,7
1246,13
1247,26
1248,57
1249,33
1250,18
1251,18
1252,29
1253,42
1254,8
1255,17
1256,73
1257,30
1258,2
1259,45
1260,34
1261,30
1262,15
1263,289
1264,51
1265,20
1266,33
1267,16
1268,26
1269,38
1270,3
1271,13
1272,30
1273,20
1274,11
1275,38
1276,22
1277,19
1278,64
1279,38
1280,24
1281,28
1282,4
1283,3
1284,21
1285,4
1286,4
1287,7
1288,21
1289,19
1290,31
1291,14
1292,50
1293,30
1294,35
1295,23
1296,6
1297,5
1298,31
1299,33
1300,18
1301,31
1302,21
1303,41
1304,20
1305,51
1306,30
1307,4
1308,5
1309,5
1310,68
1311,3
1312,15
1313,2
1314,46
1315,21
1316,22
1317,43
1318,28
1319,7
1320,130
1321,26
1322,30
1323,19
1324,6
1325,6
1326,8
1327,17
1328,3
1329,14
1330,53
1331,22
1332,6
1333,32
1334,56
1335,24
1336,39
1337,29
1338,17
1339,45
1340,6
1341,37
1342,4
1343,31
1344,6
1345,38
1346,107
1347,6
1348,24
1349,16
1350,15
1351,4
1352,5
1353,29
1354,3
1355,4
1356,25
1357,22
1358,117
1359,35
1360,7
1361,26
1362,19
1363,38
1364,5
1365,17
1366,4
1367,4
1368,28
1369,31
1370,37
1371,3
1372,53
1373,1
1374,34
1375,17
1376,39
1377,94
1378,54
1379,18
1380,5
1381,3
1382,2
1383,13
1384,31
1385,13
1386,92
1387,8
1388,58
1389,15
1390,26
1391,9
1392,43
1393,43
1394,36
1395,34
1396,22
1397,45
1398,7
1399,16
1400,5
1401,5
1402,7
1403,78
1404,122
1405,6
1406,6
1407,4
1408,14
1409,27
1410,74
1411,23
1412,24
1413,5
1414,36
1415,17
1416,16
1417,13
1418,42
1419,8
1420,29
1421,3
1422,34
1423,7
1424,51
1425,32
1426,35
1427,34
1428,31
1429,70
1430,40
1431,8
1432,5
1433,8
1434,31
1435,4
1436,47
1437,20
1438,55
1439,15
1440,457
1441,7
1442,43
1443,19
1444,4
1445,27
1446,5
1447,12
1448,35
1449,18
1450,23
1451,33
1452,2
1453,22
1454,29
1455,6
1456,30
1457,31
1458,36
1459,14
1460,17
1461,47
1462,63
1463,19
1464,15
1465,26
1466,7
1467,32
1468,41
1469,62
1470,14
1471,8
1472,20
1473,27
1474,12
1475,7
1476,7
1477,26
1478,60
1479,17
1480,17
1481,38
1482,22
1483,14
1484,8
1485,41
1486,11
1487,20
1488,115
1489,19
1490,36
1491,3
1492,31
1493,7
1494,6
1495,9
1496,24
1497,17
1498,16
1499,61
1500,10
1501,31
1502,15
1503,27
1504,4
1505,5
1506,4
1507,3
1508,22
1509,20
1510,7
1511,7
1512,11
1513,5
1514,4
1515,17
1516,6
1517,44
1518,6
1519,20
1520,36
1521,4
1522,3
1523,29
1524,26
1525,57
1526,14
1527,26
1528,19
1529,25
1530,3
1531,51
1532,15
1533,13
1534,16
1535,22
1536,29
1537,7
1538,30
1539,22
1540,42
1541,25
1542,143
1543,39
1544,25
1545,42
1546,3
1547,40
1548,47
1549,21
1550,24
1551,25
1552,2
1553,20
1554,35
1555,15
1556,37
1557,19
1558,26
1559,33
1560,8
1561,4
1562,13
1563,25
1564,34
1565,35
1566,14
1567,47
1568,53
1569,17
1570,17
1571,61
1572,87
1573,37
1574,58
1575,13
1576,8
1577,32
1578,26
1579,32
1580,4
1581,22
1582,18
1583,66
1584,6
1585,24
1586,15
1587,109
1588,12
1589,6
1590,60
1591,40
1592,5
1593,23
1594,42
1595,4
1596,22
1597,14
1598,8
1599,15
1600,25
1601,17
1602,81
1603,80
1604,56
1605,10
1606,22
1607,110
1608,5
1609,45
1610,19
1611,8
1612,24
1613,24
1614,8
1615,49
1616,42
1617,50
1618,38
1619,34
1620,10
1621,11
1622,20
1623,26
1624,34
1625,29
1626,28
1627,24
1628,228
1629,17
1630,10
1631,5
1632,39
1633,8
1634,30
1635,54
1636,13
1637,36
1638,42
1639,23
1640,11
1641,30
1642,33
1643,6
1644,18
1645,31
1646,47
1647,33
1648,8
1649,3
1650,37
1651,31
1652,14
1653,24
1654,18
1655,17
1656,21
1657,3
1658,26
1659,8
1660,2
1661,27
1662,79
1663,43
1664,32
1665,28
1666,32
1667,12
1668,14
1669,42
1670,7
1671,5
1672,17
1673,15
1674,4
1675,6
1676,28
1677,20
1678,38
1679,4
1680,2
1681,21
1682,18
1683,62
1684,13
1685,35
1686,20
1687,49
1688,7
1689,96
1690,20
1691,25
1692,5
1693,24
1694,9
1695,11
1696,4
1697,22
1698,31
1699,8
1700,7
1701,20
1702,18
1703,31
1704,29
1705,20
1706,7
1707,39
1708,6
1709,1
1710,13
1711,14
1712,26
1713,33
1714,16
1715,45
1716,281
1717,6
1718,27
1719,8
1720,1
1721,45
1722,15
1723,34
1724,29
1725,8
1726,121
1727,32
1728,15
1729,21
1730,27
1731,8
1732,22
1733,17
1734,14
1735,27
1736,53
1737,11
1738,139
1739,13
1740,8
1741,51
1742,5
1743,33
1744,9
1745,9
1746,35
1747,4
1748,25
1749,4
1750,19
1751,29
1752,22
1753,25
1754,104
1755,13
1756,32
1757,43
1758,7
1759,43
1760,3
1761,34
1762,13
1763,54
1764,39
1765,19
1766,21
1767,3
1768,28
1769,19
1770,47
1771,19
1772,112
1773,5
1774,35
1775,4
1776,14
1777,26
1778,31
1779,31
1780,22
1781,6
1782,60
1783,18
1784,23
1785,6
1786,9
1787,29
1788,4
1789,33
1790,5
1791,24
1792,11
1793,4
1794,106
1795,10
1796,48
1797,16
1798,20
1799,3
1800,16
1801,18
1802,27
1803,4
1804,22
1805,24
1806,19
1807,40
1808,15
1809,5
1810,34
1811,43
1812,22
1813,17
1814,21
1815,18
1816,18
1817,30
1818,27
1819,15
1820,47
1821,2
1822,12
1823,36
1824,54
1825,6
1826,36
1827,69
1828,31
1829,45
1830,20
1831,16
1832,29
1833,34
1834,23
1835,24
1836,4
1837,28
1838,26
1839,3
1840,14
1841,22
1842,26
1843,53
1844,24
1845,36
1846,29
1847,28
1848,21
1849,23
1850,18
1851,8
1852,5
1853,70
1854,9
1855,4
1856,7
1857,30
1858,331
1859,11
1860,24
1861,55
1862,3
1863,2
1864,33
1865,12
1866,20
1867,22
1868,24
1869,18
1870,25
1871,42
1872,11
1873,22
1874,32
1875,19
1876,29
1877,60
1878,33
1879,24
1880,46
1881,16
1882,9
1883,34
1884,19
1885,19
1886,3
1887,33
1888,19
1889,16
1890,15
1891,16
1892,65
1893,3
1894,31
1895,18
1896,99
1897,26
1898,10
1899,24
1900,5
1901,43
1902,8
1903,10
1904,11
1905,213
1906,59
1907,71
1908,27
1909,32
1910,49
1911,6
1912,19
1913,11
1914,21
1915,22
1916,33
1917,16
1918,10
1919,20
1920,14
1921,4
1922,62
1923,23
1924,13
1925,51
1926,5
1927,65
1928,57
1929,6
1930,9
1931,33
1932,21
1933,22
1934,30
1935,125
1936,17
1937,25
1938,5
1939,18
1940,33
1941,24
1942,18
1943,10
1944,44
1945,20
1946,21
1947,31
1948,43
1949,9
1950,46
1951,20
1952,24
1953,28
1954,37
1955,26
1956,46
1957,19
1958,42
1959,106
1960,17
1961,3
1962,18
1963,57
1964,7
1965,33
1966,18
1967,37
1968,31
1969,18
1970,6
1971,39
1972,6
1973,22
1974,41
1975,42
1976,34
1977,24
1978,33
1979,52
1980,30
1981,23
1982,18
1983,6
1984,22
1985,3
1986,6
1987,91
1988,12
1989,19
1990,18
1991,2
1992,21
1993,78
1994,7
1995,28
1996,31
1997,29
1998,44
1999,14
2000,18
2001,33
2002,4
2003,6
2004,4
2005,12
2006,110
2007,22
2008,15
2009,39
2010,62
2011,35
2012,4
2013,33
2014,7
2015,29
2016,67
2017,27
2018,47
2019,2
2020,44
2021,13
2022,8
2023,36
2024,27
2025,3
2026,27
2027,57
2028,5
2029,34
2030,15
2031,4
2032,28
2033,11
2034,44
2035,22
2036,34
2037,16
2038,7
2039,10
2040,30
2041,20
2042,1
2043,18
2044,8
2045,4
2046,34
2047,14
2048,33
2049,75
2050,22
2051,18
2052,4
2053,23
2054,23
2055,29
2056,25
2057,22
2058,493
2059,4
2060,13
2061,22
2062,55
2063,28
2064,13
2065,28
2066,23
2067,24
2068,58
2069,10
2070,23
2071,24
2072,8
2073,54
2074,2
2075,6
2076,5
2077,11
2078,26
2079,21
2080,25
2081,44
2082,34
2083,4
2084,35
2085,25
2086,22
2087,19
2088,30
2089,4
2090,21
2091,60
2092,27
2093,2
2094,71
2095,8
2096,11
2097,21
2098,20
2099,26
2100,3
2101,48
2102,21
2103,15
2104,37
2105,28
2106,26
2107,29
2108,27
2109,56
2110,17
2111,4
2112,22
2113,28
2114,53
2115,61
2116,24
2117,12
2118,24
2119,76
2120,67
2121,54
2122,28
2123,31
2124,8
2125,5
2126,5
2127,11
2128,26
2129,7
2130,50
2131,13
2132,19
2133,25
2134,28
2135,50
2136,3
2137,37
2138,19
2139,9
2140,3
2141,26
2142,15
2143,14
2144,80
2145,5
2146,13
2147,9
2148,10
2149,5
2150,67
2151,7
2152,21
2153,18
2154,21
2155,8
2156,20
2157,61
2158,38
2159,21
2160,36
2161,6
2162,46
2163,43
2164,46
2165,52
2166,30
2167,65
2168,193
2169,4
2170,19
2171,29
2172,30
2173,13
2174,31
2175,31
2176,27
2177,5
2178,27
2179,39
2180,17
2181,6
2182,13
2183,302
2184,27
2185,2
2186,19
2187,5
2188,29
2189,32
2190,29
2191,21
2192,28
2193,378
2194,43
2195,7
2196,56
2197,22
2198,27
2199,29
2200,56
2201,11
2202,16
2203,38
2204,26
2205,23
2206,4
2207,3
2208,42
2209,39
2210,29
2211,37
2212,25
2213,32
2214,7
2215,17
2216,16
2217,31
2218,19
2219,30
2220,55
2221,4
2222,6
2223,43
2224,27
2225,6
2226,20
2227,29
2228,22
2229,4
2230,24
2231,31
2232,41
2233,53
2234,12
2235,22
2236,30
2237,6
2238,10
2239,58
2240,6
2241,30
2242,7
2243,2
2244,32
2245,22
2246,3
2247,46
2248,90
2249,6
2250,25
2251,26
2252,9
2253,55
2254,35
2255,49
2256,23
2257,106
2258,245
2259,19
2260,35
2261,26
2262,6
2263,10
2264,27
2265,4
2266,31
2267,32
2268,71
2269,25
2270,3
2271,4
2272,6
2273,24
2274,2
2275,30
2276,3
2277,55
2278,35
2279,7
2280,35
2281,32
2282,8
2283,46
2284,23
2285,48
2286,15
2287,27
2288,23
2289,17
2290,29
2291,2
2292,9
2293,10
2294,7
2295,21
2296,44
2297,39
2298,6
2299,11
2300,10
2301,17
2302,24
2303,9
2304,84
2305,24
2306,25
2307,52
2308,26
2309,46
2310,28
2311,62
2312,24
2313,14
2314,12
2315,13
2316,6
2317,23
2318,9
2319,25
2320,32
2321,3
2322,14
2323,33
2324,7
2325,26
2326,19
2327,36
2328,40
2329,2
2330,16
2331,35
2332,3
2333,34
2334,10
2335,26
2336,15
2337,21
2338,5
2339,3
2340,33
2341,26
2342,8
2343,21
2344,15
2345,5
2346,7
2347,16
2348,85
2349,3
2350,12
2351,14
2352,31
2353,66
2354,18
2355,44
2356,28
2357,46
2358,32
2359,18
2360,26
2361,13
2362,3
2363,8
2364,92
2365,73
2366,3
2367,19
2368,26
2369,19
2370,30
2371,24
2372,29
2373,280
2374,6
2375,53
2376,9
2377,65
2378,6
2379,11
2380,15
2381,38
2382,31
2383,39
2384,32
2385,30
2386,59
2387,15
2388,44
2389,15
2390,36
2391,13
2392,34
2393,5
2394,21
2395,17
2396,11
2397,34
2398,26
2399,13
2400,90
2401,5
2402,20
2403,22
2404,30
2405,21
2406,40
2407,21
2408,4
2409,10
2410,28
2411,24
2412,23
2413,33
2414,21
2415,28
2416,6
2417,61
2418,38
2419,29
2420,26
2421,7
2422,50
2423,42
2424,4
2425,8
2426,33
2427,18
2428,12
2429,4
2430,23
2431,20
2432,33
2433,51
2434,25
2435,22
2436,17
2437,31
2438,33
2439,57
2440,4
2441,35
2442,24
2443,14
2444,4
2445,35
2446,23
2447,18
2448,48
2449,9
2450,29
2451,38
2452,16
2453,18
2454,12
2455,43
2456,11
2457,30
2458,29
2459,52
2460,24
2461,28
2462,198
2463,3
2464,4
2465,21
2466,25
2467,26
2468,4
2469,11
2470,54
2471,32
2472,23
2473,63
2474,9
2475,32
2476,70
2477,21
2478,4
2479,43
2480,14
2481,21
2482,23
2483,14
2484,66
2485,3
2486,7
2487,30
2488,19
2489,37
2490,3
2491,146
2492,14
2493,160
2494,9
2495,56
2496,6
2497,69
2498,72
2499,75
2500,28
2501,2
2502,11
2503,30
2504,49
2505,26
2506,31
2507,21
2508,27
2509,54
2510,42
2511,18
2512,30
2513,40
2514,39
2515,6
2516,9
2517,3
2518,14
2519,167
2520,19
2521,62
2522,258
2523,23
2524,13
2525,26
2526,60
2527,27
2528,11
2529,21
2530,20
2531,29
2532,13
2533,14
2534,13
2535,22
2536,2
2537,16
2538,30
2539,45
2540,57
2541,36
2542,4
2543,7
2544,52
2545,13
2546,74
2547,19
2548,24
2549,3
2550,32
2551,17
2552,26
2553,29
2554,27
2555,7
2556,8
2557,7
2558,14
2559,13
2560,35
2561,3
2562,26
2563,32
2564,5
2565,33
2566,23
2567,32
2568,17
2569,10
2570,10
2571,20
2572,7
2573,6
2574,16
2575,8
2576,6
2577,6
2578,2
2579,4
2580,9
2581,59
2582,32
2583,23
2584,7
2585,31
2586,36
2587,11
2588,10
2589,39
2590,39
2591,29
2592,180
2593,13
2594,3
2595,38
2596,36
2597,61
2598,22
2599,45
2600,23
2601,39
2602,6
2603,19
2604,33
2605,30
2606,4
2607,57
2608,9
2609,7
2610,44
2611,34
2612,14
2613,9
2614,67
2615,44
2616,17
2617,37
2618,26
2619,30
2620,7
2621,38
2622,9
2623,8
2624,24
2625,18
2626,41
2627,61
2628,33
2629,28
2630,28
2631,3
2632,36
2633,71
2634,35
2635,33
2636,2
2637,28
2638,13
2639,13
2640,3
2641,26
2642,36
2643,36
2644,47
2645,46
2646,34
2647,16
2648,33
2649,29
2650,17
2651,24
2652,22
2653,24
2654,26
2655,22
2656,14
2657,28
2658,27
2659,32
2660,56
2661,53
2662,58
2663,25
2664,7
2665,18
2666,57
2667,4
2668,31
2669,25
2670,33
2671,7
2672,33
2673,19
2674,10
2675,17
2676,8
2677,10
2678,7
2679,52
2680,26
2681,5
2682,35
2683,33
2684,6
2685,15
2686,37
2687,59
2688,21
2689,32
2690,6
2691,35
2692,59
2693,18
2694,68
2695,23
2696,69
2697,38
2698,60
2699,27
2700,15
2701,17
2702,22
2703,47
2704,47
2705,59
2706,5
2707,31
2708,29
2709,6
2710,35
2711,4
2712,7
2713,12
2714,29
2715,12
2716,4
2717,4
2718,13
2719,4
2720,22
2721,38
2722,60
2723,5
2724,4
2725,2
2726,35
2727,4
2728,19
2729,7
2730,34
2731,12
2732,31
2733,26
2734,5
2735,17
2736,8
2737,34
2738,20
2739,34
2740,24
2741,58
2742,91
2743,121
2744,4
2745,4
2746,26
2747,28
2748,15
2749,26
2750,133
2751,26
2752,3
2753,11
2754,53
2755,16
2756,26
2757,34
2758,33
2759,25
2760,26
2761,89
2762,13
2763,14
2764,6
2765,3
2766,23
2767,25
2768,33
2769,4
2770,20
2771,61
2772,13
2773,21
2774,3
2775,1
2776,48
2777,47
2778,27
2779,30
2780,6
2781,3
2782,286
2783,43
2784,3
2785,16
2786,36
2787,15
2788,6
2789,5
2790,7
2791,16
2792,17
2793,11
2794,26
2795,14
2796,23
2797,13
2798,54
2799,13
2800,32
2801,57
2802,6
2803,48
2804,37
2805,2
2806,42
2807,4
2808,30
2809,5
2810,5
2811,39
2812,20
2813,11
2814,26
2815,3
2816,35
2817,32
2818,26
2819,47
2820,4
2821,29
2822,7
2823,8
2824,2
2825,177
2826,23
2827,30
2828,48
2829,24
2830,28
2831,25
2832,36
2833,18
2834,18
2835,13
2836,25
2837,59
2838,13
2839,26
2840,24
2841,31
2842,24
2843,43
2844,77
2845,50
2846,30
2847,13
2848,18
2849,33
2850,3
2851,61
2852,73
2853,13
2854,39
2855,15
2856,36
2857,39
2858,1
2859,10
2860,5
2861,3
2862,20
2863,9
2864,31
2865,3
2866,26
2867,66
2868,44
2869,21
2870,17
2871,13
2872,18
2873,9
2874,6
2875,59
2876,47
2877,23
2878,17
2879,4
2880,13
2881,7
2882,25
2883,4
2884,4
2885,7
2886,31
2887,22
2888,15
2889,29
2890,36
2891,20
2892,3
2893,8
2894,12
2895,3
2896,33
2897,59
2898,130
2899,9
2900,21
2901,31
2902,31
2903,15
2904,2
2905,18
2906,10
2907,7
2908,9
2909,27
2910,25
2911,31
2912,37
2913,16
2914,12
2915,53
2916,34
2917,37
2918,18
2919,3
2920,20
2921,16
2922,13
2923,37
2924,30
2925,42
2926,22
2927,10
2928,25
2929,46
2930,37
2931,7
2932,13
2933,20
2934,2
2935,64
2936,2
2937,28
2938,40
2939,6
2940,4
2941,18
2942,21
2943,24
2944,9
2945,21
2946,10
2947,47
2948,33
2949,15
2950,45
2951,23
2952,19
2953,420
2954,55
2955,5
2956,11
2957,5
2958,111
2959,3
2960,36
2961,28
2962,27
2963,3
2964,23
2965,59
2966,6
2967,39
2968,31
2969,37
2970,22
2971,3
2972,6
2973,14
2974,46
2975,8
2976,27
2977,7
2978,66
2979,11
2980,32
2981,46
2982,39
2983,19
2984,22
2985,29
2986,49
2987,22
2988,95
2989,5
2990,25
2991,79
2992,5
2993,31
2994,5
2995,61
2996,6
2997,10
2998,8
2999,78
3000,30
3001,28
3002,20
3003,34
3004,33
3005,24
3006,15
3007,3
3008,14
3009,43
3010,27
3011,15
3012,27
3013,54
3014,32
3015,13
3016,3
3017,63
3018,197
3019,15
3020,7
3021,9
3022,26
3023,6
3024,31
3025,10
3026,186
3027,20
3028,55
3029,44
3030,16
3031,47
3032,20
3033,4
3034,12
3035,13
3036,23
3037,17
3038,19
3039,15
3040,6
3041,2
3042,22
3043,24
3044,36
3045,24
3046,82
3047,14
3048,24
3049,6
3050,45
3051,21
3052,9
3053,11
3054,25
3055,19
3056,13
3057,23
3058,9
3059,47
3060,9
3061,20
3062,61
3063,31
3064,33
3065,28
3066,27
3067,4
3068,22
3069,6
3070,48
3071,3
3072,55
3073,8
3074,22
3075,40
3076,26
3077,3
3078,30
3079,64
3080,10
3081,25
3082,27
3083,37
3084,32
3085,15
3086,22
3087,24
3088,3
3089,49
3090,19
3091,33
3092,4
3093,12
3094,36
3095,13
3096,13
3097,33
3098,31
3099,3
3100,28
3101,3
3102,17
3103,34
3104,18
3105,9
3106,8
3107,25
3108,28
3109,5
3110,27
3111,8
3112,12
3113,6
3114,60
3115,23
3116,13
3117,14
3118,4
3119,39
3120,8
3121,9
3122,38
3123,7
3124,27
3125,19
3126,77
3127,9
3128,34
3129,50
3130,47
3131,7
3132,35
3133,35
3134,2
3135,39
3136,15
3137,10
3138,10
3139,24
3140,26
3141,30
3142,74
3143,19
3144,55
3145,54
3146,29
3147,20
3148,10
3149,42
3150,19
3151,29
3152,31
3153,33
3154,11
3155,22
3156,4
3157,3
3158,30
3159,19
3160,15
3161,62
3162,22
3163,23
3164,17
3165,54
3166,23
3167,3
3168,15
3169,19
3170,36
3171,30
3172,160
3173,63
3174,57
3175,25
3176,24
3177,9
3178,22
3179,12
3180,26
3181,14
3182,17
3183,30
3184,14
3185,32
3186,11
3187,6
3188,19
3189,33
3190,22
3191,56
3192,5
3193,2
3194,34
3195,55
3196,58
3197,49
3198,22
3199,40
3200,15
3201,39
3202,13
3203,7
3204,36
3205,25
3206,92
3207,46
3208,6
3209,38
3210,6
3211,69
3212,17
3213,4
3214,11
3215,3
3216,54
3217,49
3218,24
3219,35
3220,15
3221,5
3222,48
3223,46
3224,3
3225,13
3226,41
3227,68
3228,8
3229,4
3230,3
3231,14
3232,18
3233,36
3234,9
3235,36
3236,39
3237,14
3238,64
3239,23
3240,4
3241,29
3242,18
3243,30
3244,16
3245,15
3246,6
3247,15
3248,75
3249,77
3250,6
3251,18
3252,19
3253,33
3254,8
3255,55
3256,107
3257,14
3258,30
3259,50
3260,4
3261,4
3262,2
3263,7
3264,41
3265,36
3266,7
3267,11
3268,32
3269,37
3270,22
3271,21
3272,6
3273,22
3274,4
3275,23
3276,41
3277,28
3278,3
3279,7
3280,22
3281,16
3282,14
3283,18
3284,26
3285,10
3286,7
3287,70
3288,25
3289,45
3290,21
3291,31
3292,34
3293,57
3294,3
3295,18
3296,63
3297,12
3298,24
3299,24
3300,3
3301,22
3302,20
3303,11
3304,13
3305,112
3306,12
3307,35
3308,28
3309,50
3310,101
3311,23
3312,29
3313,29
3314,8
3315,6
3316,5
3317,36
3318,29
3319,50
3320,32
3321,45
3322,8
3323,13
3324,6
3325,57
3326,13
3327,33
3328,22
3329,5
3330,4
3331,4
3332,67
3333,65
3334,46
3335,60
3336,6
3337,29
3338,22
3339,14
3340,30
3341,6
3342,14
3343,21
3344,18
3345,23
3346,13
3347,5
3348,22
3349,176
3350,73
3351,29
3352,5
3353,15
3354,4
3355,157
3356,4
3357,20
3358,16
3359,14
3360,26
3361,23
3362,6
3363,1
3364,12
3365,18
3366,8
3367,45
3368,33
3369,52
3370,28
3371,14
3372,20
3373,25
3374,40
3375,43
3376,27
3377,141
3378,15
3379,21
3380,36
3381,13
3382,23
3383,29
3384,5
3385,17
3386,11
3387,53
3388,24
3389,34
3390,35
3391,12
3392,6
3393,18
3394,3
3395,3
3396,44
3397,3
3398,38
3399,64
3400,13
3401,15
3402,30
3403,12
3404,19
3405,3
3406,21
3407,22
3408,79
3409,33
3410,12
3411,27
3412,20
3413,32
3414,24
3415,33
3416,5
3417,80
3418,4
3419,15
3420,32
3421,27
3422,61
3423,15
3424,17
3425,5
3426,12
3427,41
3428,3
3429,11
3430,16
3431,10
3432,13
3433,13
3434,42
3435,11
3436,27
3437,25
3438,27
3439,5
3440,28
3441,4
3442,5
3443,55
3444,9
3445,5
3446,11
3447,26
3448,42
3449,32
3450,29
3451,32
3452,23
3453,22
3454,2
3455,5
3456,28
3457,31
3458,185
3459,40
3460,6
3461,30
3462,29
3463,10
3464,9
3465,25
3466,45
3467,4
3468,31
3469,24
3470,3
3471,25
3472,9
3473,17
3474,40
3475,3
3476,26
3477,30
3478,25
3479,36
3480,11
3481,4
3482,10
3483,12
3484,50
3485,22
3486,5
3487,14
3488,7
3489,13
3490,22
3491,23
3492,31
3493,8
3494,21
3495,17
3496,9
3497,19
3498,18
3499,30
3500,54
3501,18
3502,35
3503,13
3504,26
3505,24
3506,7
3507,30
3508,25
3509,13
3510,13
3511,8
3512,7
3513,98
3514,33
3515,12
3516,23
3517,19
3518,15
3519,11
3520,39
3521,37
3522,34
3523,14
3524,27
3525,8
3526,14
3527,6
3528,56
3529,56
3530,13
3531,6
3532,35
3533,7
3534,3
3535,12
3536,31
3537,41
3538,213
3539,31
3540,79
3541,18
3542,14
3543,94
3544,17
3545,27
3546,86
3547,22
3548,86
3549,61
3550,20
3551,6
3552,29
3553,11
3554,3
3555,68
3556,68
3557,3
3558,3
3559,5
3560,35
3561,53
3562,144
3563,17
3564,51
3565,15
3566,31
3567,71
3568,20
3569,5
3570,16
3571,17
3572,20
3573,29
3574,22
3575,379
3576,5
3577,6
3578,23
3579,25
3580,46
3581,35
3582,15
3583,14
3584,34
3585,4
3586,3
3587,12
3588,7
3589,51
3590,15
3591,12
3592,19
3593,35
3594,19
3595,70
3596,13
3597,131
3598,27
3599,32
3600,5
3601,11
3602,4
3603,9
3604,30
3605,25
3606,15
3607,42
3608,21
3609,26
3610,23
3611,9
3612,23
3613,15
3614,20
3615,21
3616,17
3617,12
3618,36
3619,13
3620,50
3621,32
3622,1
3623,31
3624,16
3625,35
3626,3
3627,8
3628,17
3629,9
3630,3
3631,56
3632,20
3633,39
3634,54
3635,8
3636,9
3637,7
3638,15
3639,14
3640,26
3641,17
3642,5
3643,8
3644,4
3645,92
3646,22
3647,22
3648,49
3649,67
3650,23
3651,32
3652,31
3653,15
3654,9
3655,15
3656,5
3657,15
3658,34
3659,5
3660,5
3661,9
3662,5
3663,13
3664,29
3665,23
3666,34
3667,19
3668,5
3669,96
3670,27
3671,2
3672,10
3673,46
3674,10
3675,13
3676,59
3677,16
3678,15
3679,26
3680,25
3681,6
3682,12
3683,26
3684,5
3685,21
3686,27
3687,42
3688,32
3689,26
3690,54
3691,4
3692,92
3693,23
3694,41
3695,5
3696,33
3697,17
3698,50
3699,59
3700,32
3701,22
3702,27
3703,14
3704,10
3705,21
3706,24
3707,18
3708,7
3709,3
3710,7
3711,16
3712,39
3713,4
3714,22
3715,18
3716,4
3717,23
3718,15
3719,32
3720,8
3721,16
3722,30
3723,14
3724,51
3725,104
3726,13
3727,26
3728,13
3729,59
3730,42
3731,32
3732,21
3733,10
3734,24
3735,22
3736,44
3737,24
3738,45
3739,46
3740,46
3741,41
3742,58
3743,17
3744,55
3745,19
3746,7
3747,32
3748,42
3749,22
3750,21
3751,6
3752,19
3753,55
3754,103
3755,18
3756,5
3757,33
3758,8
3759,4
3760,33
3761,2
3762,14
3763,21
3764,5
3765,13
3766,8
3767,32
3768,21
3769,38
3770,6
3771,8
3772,4
3773,37
3774,49
3775,2
3776,25
3777,32
3778,4
3779,49
3780,89
3781,19
3782,6
3783,26
3784,21
3785,27
3786,66
3787,16
3788,13
3789,41
3790,79
3791,24
3792,40
3793,17
3794,8
3795,31
3796,23
3797,22
3798,6
3799,6
3800,22
3801,52
3802,78
3803,59
3804,17
3805,36
3806,7
3807,17
3808,23
3809,146
3810,19
3811,161
3812,56
3813,4
3814,37
3815,13
3816,26
3817,17
3818,16
3819,76
3820,6
3821,14
3822,47
3823,29
3824,22
3825,30
3826,47
3827,5
3828,25
3829,3
3830,28
3831,14
3832,134
3833,53
3834,16
3835,33
3836,18
3837,4
3838,5
3839,19
3840,12
3841,23
3842,50
3843,52
3844,4
3845,34
3846,54
3847,32
3848,16
3849,25
3850,3
3851,3
3852,15
3853,6
3854,16
3855,110
3856,13
3857,22
3858,6
3859,22
3860,10
3861,11
3862,57
3863,69
3864,16
3865,43
3866,14
3867,42
3868,29
3869,24
3870,23
3871,25
3872,15
3873,20
3874,33
3875,38
3876,11
3877,14
3878,8
3879,16
3880,54
3881,11
3882,3
3883,75
3884,15
3885,21
3886,19
3887,14
3888,19
3889,27
3890,26
3891,7
3892,35
3893,4
3894,11
3895,31
3896,12
3897,17
3898,28
3899,96
3900,41
3901,56
3902,22
3903,14
3904,19
3905,18
3906,31
3907,23
3908,19
3909,60
3910,39
3911,36
3912,33
3913,37
3914,2
3915,11
3916,23
3917,42
3918,3
3919,104
3920,28
3921,17
3922,19
3923,45
3924,2
3925,6
3926,38
3927,2
3928,15
3929,2
3930,38
3931,6
3932,3
3933,16
3934,27
3935,18
3936,38
3937,2
3938,4
3939,51
3940,7
3941,16
3942,14
3943,4
3944,11
3945,31
3946,1
3947,19
3948,31
3949,40
3950,21
3951,5
3952,30
3953,4
3954,3
3955,47
3956,81
3957,34
3958,26
3959,23
3960,28
3961,40
3962,3
3963,3
3964,6
3965,35
3966,15
3967,4
3968,73
3969,40
3970,4
3971,6
3972,57
3973,8
3974,13
3975,7
3976,69
3977,3
3978,45
3979,24
3980,5
3981,29
3982,9
3983,4
3984,29
3985,18
3986,27
3987,9
3988,40
3989,110
3990,19
3991,25
3992,13
3993,21
3994,11
3995,8
3996,24
3997,16
3998,53
3999,31
4000,4
4001,15
4002,44
4003,18
4004,61
4005,13
4006,2
4007,24
4008,59
4009,17
4010,22
4011,46
4012,27
4013,33
4014,119
4015,42
4016,17
4017,62
4018,46
4019,18
4020,5
4021,25
4022,23
4023,22
4024,28
4025,30
4026,70
4027,30
4028,30
4029,26
4030,19
4031,23
4032,4
4033,44
4034,32
4035,14
4036,24
4037,17
4038,58
4039,3
4040,34
4041,10
4042,31
4043,30
4044,49
4045,15
4046,15
4047,12
4048,35
4049,11
4050,12
4051,28
4052,20
4053,11
4054,24
4055,29
4056,11
4057,71
4058,29
4059,16
4060,8
4061,19
4062,61
4063,23
4064,13
4065,10
4066,29
4067,8
4068,26
4069,24
4070,10
4071,19
4072,115
4073,13
4074,73
4075,49
4076,6
4077,3
4078,31
4079,3
4080,12
4081,7
4082,43
4083,29
4084,401
4085,67
4086,24
4087,40
4088,18
4089,29
4090,7
4091,27
4092,4
4093,20
4094,32
4095,22
4096,32
4097,30
4098,20
4099,32
4100,37
4101,34
4102,21
4103,32
4104,4
4105,3
4106,19
4107,2
4108,25
4109,18
4110,12
4111,35
4112,23
4113,19
4114,35
4115,29
4116,22
4117,3
4118,37
4119,23
4120,4
4121,16
4122,28
4123,8
4124,4
4125,22
4126,130
4127,17
4128,5
4129,5
4130,16
4131,8
4132,4
4133,9
4134,31
4135,11
4136,31
4137,7
4138,35
4139,15
4140,4
4141,43
4142,29
4143,11
4144,54
4145,33
4146,40
4147,3
4148,28
4149,29
4150,22
4151,31
4152,6
4153,18
4154,32
4155,21
4156,33
4157,31
4158,6
4159,5
4160,36
4161,32
4162,40
4163,20
4164,61
4165,86
4166,32
4167,34
4168,27
4169,29
4170,8
4171,9
4172,45
4173,28
4174,24
4175,14
4176,33
4177,6
4178,22
4179,30
4180,6
4181,2
4182,11
4183,6
4184,4
4185,16
4186,30
4187,4
4188,28
4189,6
4190,11
4191,63
4192,5
4193,55
4194,9
4195,7
4196,35
4197,18
4198,17
4199,5
4200,18
4201,5
4202,24
4203,19
4204,30
4205,47
4206,51
4207,23
4208,25
4209,20
4210,35
4211,23
4212,18
4213,28
4214,1
4215,4
4216,6
4217,14
4218,5
4219,6
4220,18
4221,20
4222,38
4223,35
4224,4
4225,37
4226,19
4227,6
4228,12
4229,4
4230,13
4231,21
4232,5
4233,20
4234,29
4235,17
4236,23
4237,120
4238,22
4239,34
4240,34
4241,70
4242,26
4243,37
4244,5
4245,16
4246,26
4247,30
4248,6
4249,51
4250,33
4251,4
4252,6
4253,2
4254,25
4255,2
4256,5
4257,12
4258,36
4259,25
4260,27
4261,12
4262,20
4263,4
4264,58
4265,7
4266,6
4267,29
4268,10
4269,59
4270,36
4271,51
4272,12
4273,23
4274,36
4275,5
4276,48
4277,20
4278,30
4279,18
4280,29
4281,8
4282,36
4283,13
4284,11
4285,6
4286,14
4287,3
4288,9
4289,15
4290,48
4291,35
4292,18
4293,54
4294,27
4295,14
4296,13
4297,16
4298,180
4299,5
4300,17
4301,52
4302,43
4303,8
4304,21
4305,23
